,TMEDIA 째C,TMIN 째C,TMAX 째C,PUNTORUGIADA 째C,UMIDITA %,VISIBILITA km,VENTOMEDIA km/h,VENTOMAX km/h,RAFFICA km/h,PRESSIONESLM mb,PRESSIONEMEDIA mb,PIOGGIA mm
2020-01-01,5.202195755550688,0.17376411422481464,11.003131272101905,2.534920739296891,75.40034419385213,16.156783567963608,7.012758008524155,13.023607718282538,0.0,1028.9700203618577,0.0,0.0
2020-01-02,4.7748010255068065,0.1826404420862276,10.32597910916532,2.4653707052441227,78.05848303511945,15.880184341391447,6.966149055391643,12.185646176358617,0.0,1030.733348303512,0.0,0.0
2020-01-03,4.8850632316550895,0.5312842033882168,9.658314100123727,3.2314082278481013,81.53595817074331,16.13909030884172,5.948630972209003,10.975892559722087,0.0,1027.1185087917577,0.0,0.0
2020-01-04,6.1629597700172125,1.3811126675701957,11.354987058720367,3.776887285409003,79.97908289186289,16.473732030893082,6.768173921724864,13.554988821356671,0.0,1023.3799683727063,0.0,0.0
2020-01-05,6.5519245078110435,1.686218906268207,12.409042212427389,3.1727032890256446,68.84884102929523,17.870074707204143,9.782988569102814,18.61310817036209,0.0,1025.5676808501041,0.0,0.0
2020-01-06,4.553913657901526,0.6111510943333163,8.868185521649837,1.4506079002372,71.32959374177265,16.113383929627272,10.20376162516068,17.06678131683587,0.0,1028.268618915203,0.0,0.0
2020-01-07,2.628644891500904,-0.991382233273056,6.678627938517178,1.595275768535262,82.76700949367087,11.34937273960217,6.546535940325497,12.895767405063289,0.0,1025.8490336799277,0.0,0.0
2020-01-08,3.720756103074141,-0.4261132459312839,8.407719258589513,1.839229204339964,80.09233725135623,11.658482142857142,7.052299954792043,13.15458295660036,0.0,1029.015851039783,0.0,0.0
2020-01-09,4.261036392405064,-0.7159866636528031,10.393648282097649,2.6909584086799274,80.0418512658228,15.057125904159134,5.563262884267632,11.48074706148282,0.0,1026.887245705244,0.0,0.0
2020-01-10,5.58865280289331,0.608860759493671,10.563686708860759,3.4227056962025317,80.9049841772152,14.740867992766725,5.840528933092223,12.02756555153707,0.0,1024.3854091320072,0.0,0.0
2020-01-11,5.765920891174545,0.4712460310421742,12.098770964687805,3.1419980449026714,77.50942873273088,15.48469496036867,6.927192909066637,13.582113595316887,0.0,1026.4651853708979,0.0,0.0
2020-01-12,5.475364833308375,1.0303983818559308,10.500983894163387,2.9031960557525864,76.3655905772156,16.98894902908478,6.904597972357787,13.356112239078195,0.0,1026.6291523690911,0.0,0.0
2020-01-13,4.2906023960217,-0.24437726039783006,9.525259945750454,2.8577644665461115,81.42665009041593,14.289133137432186,5.486748417721518,10.431255650994576,0.0,1025.1876412748643,0.0,0.0
2020-01-14,4.30190438517179,-0.04794868896925858,8.684391952983725,3.1852961121157324,84.64183996383363,11.274892631103071,5.362878616636529,10.624293625678119,0.0,1025.3639523056058,0.0,0.0
2020-01-15,5.445100587703436,1.82439534358047,9.365788878842675,3.5080244122965643,83.82419755877034,10.344173824593128,5.280939195298372,10.627684222423149,0.0,1028.021954113924,0.0,0.0
2020-01-16,5.785742540687162,1.1114658679927667,10.511358499095842,3.508250452079566,81.6302554249548,12.006018309222426,6.509013336347198,12.178995253164553,0.0,1029.3047298824592,0.0,0.0
2020-01-17,5.8572558770343575,0.5567924954792043,10.92122513562387,3.320467902350814,79.33629068716094,14.379633815551536,6.579452983725137,12.371835443037975,0.0,1025.0809222423147,0.0,0.0
2020-01-18,6.725103757358966,3.074438842977105,10.023782266676967,4.747490811629619,85.80098614683577,12.288272039934675,7.701916010332491,15.547116985913632,0.0,1022.3624107325618,0.0,0.0
2020-01-19,6.0048630249900725,2.1467780464950628,9.999843420712788,3.0377205502454365,76.72734670083881,16.403043637008498,8.614434812732611,15.84897143684242,0.0,1025.7402714715074,0.0,0.0
2020-01-20,6.212437839059675,2.5902972423146475,9.692924954792042,1.7370705244122966,61.676570976491874,19.43800293851718,11.189619122965643,18.784996609403255,0.0,1036.9772095388787,0.0,0.0
2020-01-21,5.048813291139242,1.3142744122965644,9.487115732368895,2.0327305605786616,69.44708408679928,19.550372965641955,8.836403707052439,14.59017857142857,0.0,1038.8615619349005,0.0,0.0
2020-01-22,5.182329339963833,0.33338042495479203,10.703605334538876,2.3905402350813745,73.73406419529837,18.36056170886076,6.534216772151898,12.306481690777574,0.0,1032.6905797920433,0.0,0.0
2020-01-23,5.28177554249548,0.27983160036166393,10.988302441229658,2.5696880650994567,76.0588042495479,16.20388223327306,6.649779611211572,12.108459538878842,0.0,1029.342376808318,0.0,0.0
2020-01-24,5.5173768083182635,0.5789161392405063,10.109742314647377,3.20999095840868,78.0561143761302,13.711318942133815,7.0516783453887895,12.857566681735985,0.0,1026.331741636528,0.0,0.0
2020-01-25,7.109427898407779,3.8654085536461835,10.489593749497942,4.713867393908099,81.9982623674506,11.457745367240278,7.015941778867747,12.598654056438049,0.0,1023.6679034992887,0.0,0.0
2020-01-26,7.205275547594018,3.6467806151290096,10.970355503566644,5.07272589300394,84.6951000708865,10.03441128044097,6.297991959699558,12.646149535642392,0.0,1020.8747163383496,0.0,0.0
2020-01-27,7.1566455696202524,2.2185804701627485,11.544755877034357,4.997513562386981,84.05537974683544,10.618218806509946,6.711347197106692,13.396473779385172,0.0,1018.6984629294756,0.0,0.0
2020-01-28,8.882346292947561,6.037579113924051,11.368105786618445,6.3342563291139244,85.23525090415913,10.559787522603976,11.280628390596744,21.783453887884264,0.0,1010.7818716094032,0.0,0.0
2020-01-29,9.19571089511754,4.08690664556962,14.305492766726944,4.421971066907775,71.04524186256782,16.829503842676313,11.58699706148282,22.48571993670886,0.0,1011.5791534810128,0.0,0.0
2020-01-30,7.676271473779384,2.3839229204339967,12.599796564195296,4.541320072332732,74.942167721519,17.39166478300181,7.2974400994575035,14.159996609403255,0.0,1018.9600305153708,0.0,0.0
2020-01-31,8.567783679927667,3.8332108951175408,13.405176311030743,5.596971066907777,80.4912409584087,15.341517857142858,6.6452588155515375,12.66452870705244,0.0,1019.4230617088608,0.0,0.0
2020-02-01,9.388454048587317,5.862405590342821,12.449862823575089,6.842686075785919,83.52647397413591,11.210501258795484,6.751933380672631,13.610240354614616,0.0,1018.7436721322143,0.0,0.0
2020-02-02,9.115734333197004,5.1001046127142216,12.828330751188975,6.759839691864072,84.90671726952614,11.300055336790573,7.4811991192017855,14.449212661115196,0.0,1019.0810976624499,0.0,0.0
2020-02-03,10.188431992770006,5.886240397650241,15.128671486669687,7.534744188381765,84.7515690113972,11.789087211929505,8.280727519204705,16.239883014510234,0.0,1016.6476502485292,0.0,0.0
2020-02-04,10.692197620123524,6.2665311040819525,16.168323542702215,6.795375809609863,65.5498569061604,13.641662901039323,17.732037957523705,39.8050911281819,0.0,1008.9034493146534,0.0,0.0
2020-02-05,8.416290103931326,2.82636692272932,12.756665160415732,0.7983004468544449,40.23123462368832,19.342295526434675,21.450745594215984,38.29704523773657,0.0,1016.91086760054,0.0,0.0
2020-02-06,6.183724958578112,0.9676156047597516,10.883077270673297,0.5239117336948339,45.062283476427204,19.902056032534993,12.390081337550845,21.177888236180173,0.0,1025.6646332278933,0.0,0.0
2020-02-07,5.905558065973784,-0.7077577302950088,12.076294299916079,1.405128605139904,58.47232622526319,19.904517138983906,8.251533148279648,15.890881981652456,0.0,1025.3319911561523,0.0,0.0
2020-02-08,6.420938860556996,0.7520978130670882,12.059178985647693,2.497340391194871,67.96481810226753,18.516483585451102,7.055129143086626,13.561965011942535,0.0,1026.63475763706,0.0,0.0
2020-02-09,6.998657392464414,1.0682438189916672,11.747305209476574,3.8010141372409785,75.0580058313435,14.323054354141169,7.905345039054882,15.0466886148948,0.0,1028.0464556839534,0.0,0.0
2020-02-10,9.084651302907076,5.351935532459699,12.845458653411658,6.539162524476558,83.45564090977554,10.837550835969283,10.911432444645287,20.228272330170228,0.0,1018.3711402319603,0.0,0.0
2020-02-11,12.352726314203956,6.682030426269005,17.804225033890642,5.689298087061312,61.52658532911564,15.898892905558078,15.377202892001815,28.808932068082466,0.0,1010.8727217954483,0.0,0.0
2020-02-12,10.36974694984185,3.9031857207410687,15.522141888838688,3.381445498820109,52.761510267610454,18.993673746046067,10.388160867600556,21.406173118441547,0.0,1017.2274062358766,0.0,0.0
2020-02-13,8.3804664357082,2.2400461916955408,13.059045036903152,4.212908570567863,64.98684540844486,18.813551237636172,8.484058844203444,17.485012803133024,0.0,1019.3702239293043,0.0,0.0
2020-02-14,9.785170959481858,4.1736707335442045,15.106755535472212,4.877956017472519,70.98139780087345,17.116018978761865,10.866131947582476,21.732565145353234,0.0,1017.5769694231032,0.0,0.0
2020-02-15,8.861981688292087,2.9249526606847045,14.291254599444947,3.702592186143925,66.66876447973401,17.62464495513531,8.700419598476483,15.809831156442206,0.0,1025.065595614667,0.0,0.0
2020-02-16,8.502611301185595,2.4037612161900284,13.833500419598579,4.3375030662965655,72.86189195877219,14.607848750887673,7.164156607062126,13.333177543950374,0.0,1026.720653605327,0.0,0.0
2020-02-17,9.319400512125334,4.848094592559108,13.037505648441028,5.9754481096550505,80.3462870914294,10.971305919566207,7.22797107998192,13.252447657779825,0.0,1025.3026811266736,0.0,0.0
2020-02-18,10.123738514836583,5.078325048953144,14.952553095345685,6.1342822714264,76.4016418135261,12.495255309534578,8.277451423407134,15.750866094291336,0.0,1023.1198975749336,0.0,0.0
2020-02-19,9.559760506100313,4.488477180298234,14.339471305919568,5.338115680072302,71.10912788070486,15.258359692724822,9.652169001355638,21.751016719385447,0.0,1020.1154541346588,0.0,0.0
2020-02-20,8.601558969724364,2.952214188883873,13.372345232715777,2.372407993171658,56.168198021790225,19.595571622232235,10.109805693628573,18.156286087262156,0.0,1022.7667193854472,0.0,0.0
2020-02-21,8.371717628156865,1.2685770949440156,14.14520259075162,2.7040844504694443,61.97025154390703,20.082969322689134,8.561354621679968,15.828149319676685,0.0,1023.1555706180625,0.0,0.0
2020-02-22,8.86937307684031,2.8361753060917088,14.176946291395028,3.227979687130158,64.96551384674959,17.054071719062712,8.319117552127036,15.13424353925936,0.0,1029.567548361414,0.0,0.0
2020-02-23,9.435846728207736,3.455274998386172,14.893034988057686,5.422116712930094,73.3695738385734,15.432860047769767,8.933813181847484,17.469869816883097,0.0,1025.1074588470804,0.0,0.0
2020-02-24,11.470100918813085,5.579906612441644,17.091052869408042,7.368579605362234,76.7746648591655,14.307727067329429,10.239719837324907,19.430938394336525,0.0,1019.5586684741652,0.0,0.0
2020-02-25,11.214565446603414,7.301551438469662,14.55716222322639,7.8997589998493565,81.58465130290703,11.244464527790338,8.334839584274736,16.283401114625725,0.0,1011.3887633679747,0.0,0.0
2020-02-26,10.270045689611898,5.602286991012691,14.422428076517551,5.566940302254364,58.760129537580774,16.188934076417144,18.494703017522703,37.77369834814475,0.0,1002.0742330672264,0.0,0.0
2020-02-27,7.775832203645126,1.6861349600843492,12.077270673294176,1.8099738916503487,49.27423808806543,19.432896520560295,13.626976954360615,27.72760706933775,0.0,1009.297974092484,0.0,0.0
2020-02-28,10.091391775869866,4.362065070040663,14.522367826479895,2.5122633930812834,44.2081889842848,19.486217803886102,14.039990962494366,26.959494401767248,0.0,1014.465544509713,0.0,0.0
2020-02-29,8.324413279395172,3.094682037598908,12.658779829148221,3.6522080921538658,59.293231015858794,18.717103658755317,9.059334093631378,17.58404414032535,0.0,1016.023357827851,0.0,0.0
2020-03-01,9.415789813440123,6.309850000880247,12.131503042822475,6.274131313783362,81.50304135539076,13.270328519198792,10.696094799913196,19.24558834748627,0.0,1008.3999727114391,0.0,0.0
2020-03-02,8.91753276095797,5.354270221418884,11.850655219159504,6.490510619069142,85.72616357885231,10.811793944871216,16.289426118391333,29.47763217352009,0.0,999.9685946678724,0.0,0.0
2020-03-03,9.636065633919241,5.8119522943291555,13.058941723537282,5.4029568864634445,72.25936772220096,16.388547085790645,13.179880156495626,24.073748363400398,0.0,999.8934906786247,0.0,0.0
2020-03-04,8.811393243498982,3.6736784579080117,13.049678280247631,3.1783748710996784,64.55986478501164,19.219093854882384,9.507263798610396,18.39457981392006,0.0,1009.3919091151364,0.0,0.0
2020-03-05,7.801313914282731,3.584483297994371,11.222583336229956,4.142149535958843,76.48451458166787,16.697052382773126,9.69939865827802,17.925457958218924,0.0,1008.888369425424,0.0,0.0
2020-03-06,8.56372770527096,5.06654528056137,12.127973738071804,5.436697589112467,81.06835278169137,15.24330825868536,10.941056856542897,20.938837351479197,0.0,1001.1351771616943,0.0,0.0
2020-03-07,9.716399845071416,4.393898803410751,14.160874936179928,4.407547490918472,66.98801650224989,17.527897430179358,9.658589151472137,19.804445103021788,0.0,1010.5141841890712,0.0,0.0
2020-03-08,9.084764916039367,3.524118296991119,13.451792746171208,3.4318999974135846,62.20639602516206,19.289680611542057,8.712952440373646,16.21789639869811,0.0,1017.494925863072,0.0,0.0
2020-03-09,8.353831636585916,3.6463012679088695,12.098149969431946,3.6258073948060847,71.55321495973013,18.8054411100184,8.419592780627832,15.623880279631058,0.0,1013.0875043193988,0.0,0.0
2020-03-10,9.879507904636805,4.141752583174917,14.841353253445261,3.733303745044189,64.47398688437123,18.770204493444226,8.52518652350694,16.369218867462862,0.0,1015.9546356065488,0.0,0.0
2020-03-11,11.574191666424039,4.137412594198687,17.482013090670865,5.499810848424326,67.30898040418172,19.0411657960368,7.68325349043066,13.849867680917823,0.0,1018.482249655401,0.0,0.0
2020-03-12,11.743851268478476,6.310373765412171,15.69604931895939,7.961074172099936,78.32944935769162,15.240946355948616,7.424343167000186,14.219934155316004,0.0,1019.6010264024285,0.0,0.0
2020-03-13,13.056521174792865,9.240914855857307,16.868132246531314,9.145245367587963,77.68515373943222,15.454040590068386,8.338030759278197,15.886906905061656,0.0,1014.8441914867284,0.0,0.0
2020-03-14,10.840974295102377,7.247306679126622,13.880318659305177,7.145167948396216,78.18272925474345,15.902918643781435,9.647258020945603,18.190386976729805,0.0,1016.0819189648636,0.0,0.0
2020-03-15,10.14535443421816,5.8579033476085325,13.604405736058302,4.783411775663972,68.21516822261368,19.107944114871078,10.041965711708453,17.799551818515486,0.0,1020.091303603421,0.0,0.0
2020-03-16,10.502722684872095,4.413344848331856,15.288282838572938,3.9485425621583317,62.24861561077981,19.693176914059887,8.5498335513306,15.127656241840858,0.0,1023.97261164306,0.0,0.0
2020-03-17,10.94919429204185,4.553388529609159,16.216331113915615,4.775088352186958,66.54738989907626,19.32580230945075,7.647786932863972,13.788778022229474,0.0,1027.4027215993794,0.0,0.0
2020-03-18,12.393739014161527,5.1167152749845926,18.059993678435827,5.17405628826664,64.10093976403172,17.716780683793797,7.6497200097437315,13.793767998457358,0.0,1026.0208192349917,0.0,0.0
2020-03-19,13.516398531929507,6.386143015492317,19.07181123089391,5.586978328193879,61.666889658014796,18.62858100126515,7.3911394484914545,13.835662775242534,0.0,1023.3477886580973,0.0,0.0
2020-03-20,12.644309907122945,6.876868837608832,17.541176744835642,6.869125880808747,69.05952378420882,17.031375164917655,7.751249800115856,15.60482964808156,0.0,1020.6215959424924,0.0,0.0
2020-03-21,12.283629583781119,6.167854838603851,16.9953556783187,6.339161483103711,68.68458889532846,16.6318021642375,8.787626125502609,15.982211510081664,0.0,1014.7073143557357,0.0,0.0
2020-03-22,11.575666764324763,8.516791500410966,14.40537422360735,6.403176466551971,70.35877148156803,16.310806116612625,12.173170819239548,21.76187323747195,0.0,1015.8653868725153,0.0,0.0
2020-03-23,7.199267944516575,4.114814002350207,10.042539515719367,1.9967672076999332,50.26686258639155,19.235532031297762,16.09394463753727,26.92652499144892,0.0,1022.5839042141273,0.0,0.0
2020-03-24,6.265460658987543,1.1652918678449602,9.999352015534788,0.9330079376114162,51.59500212282065,19.053201831557008,11.611726335997698,21.40901427048623,0.0,1021.631284666532,0.0,0.0
2020-03-25,5.686288343879844,2.1352045052903588,8.594123441954446,1.3450522967016407,60.92230103831998,17.973822406944876,15.39703850650531,26.836158795264073,0.0,1016.3417832355935,0.0,0.0
2020-03-26,6.339648828351946,2.9687560519011043,8.79975469627526,3.069524239881224,70.90378284164997,16.124814408366145,14.187334581369836,24.871990187851008,0.0,1010.7677683816412,0.0,0.0
2020-03-27,9.627503314579664,6.318393310259545,12.401138626398472,4.685368179041917,71.22384709732202,17.462206343137193,11.728350953158904,19.96460972376017,0.0,1013.1140165753827,0.0,0.0
2020-03-28,11.692203068558733,6.408985175591563,16.266837241560495,5.52906811331459,66.57296440003671,17.695886342406823,8.34228200566319,15.393590847697395,0.0,1013.9097244448692,0.0,0.0
2020-03-29,12.214038169521825,6.122578204307778,16.711227232080027,6.02918828112866,66.99143579898964,18.21883008836437,8.519848502212097,16.616780134709046,0.0,1012.3692727467952,0.0,0.0
2020-03-30,10.781658167107782,7.109138639640223,13.799980633916473,7.149958040152347,78.66089987734811,16.77626794052461,11.604340154498313,21.475319002431522,0.0,1012.5001829019001,0.0,0.0
2020-03-31,7.9423635560101875,4.7886663720373654,10.855596053291487,4.194728452749241,68.84966208667068,17.307180844460554,13.083976800425065,24.232829980683583,0.0,1018.2363456696944,0.0,0.0
2020-04-01,7.644220808817438,3.156902407073328,10.880942382594615,1.7095188881310122,55.54094128296497,19.29842035812865,11.084054334453151,18.349552339183163,0.0,1017.9558701895187,0.0,0.0
2020-04-02,8.196864382199388,1.3424083323240117,13.069866721701269,1.7537303740015682,58.24194401769606,19.324628197691094,8.012495537734829,14.105021801352699,0.0,1013.5750588859637,0.0,0.0
2020-04-03,10.125657785696523,2.8999827087224563,15.375949426598947,3.1436574478393107,60.85912310114684,18.77544447348459,8.221329547845041,14.65091141766162,0.0,1012.511704282499,0.0,0.0
2020-04-04,12.635273911053288,5.5816391383773585,17.732513497527236,3.9171495153347684,55.59477470628902,18.37943790319818,10.66596218127323,18.2645118363728,0.0,1017.3113319780057,0.0,0.0
2020-04-05,13.520270181874542,6.832509280086198,18.096812826275038,3.909338957615365,52.576108094869404,19.165963137307727,11.476209135777257,20.041734841262187,0.0,1020.3570351353776,0.0,0.0
2020-04-06,14.317203944642428,7.169245729771588,19.357870937745076,4.131385342096379,52.680688890075395,19.507903607900733,9.34275704639481,16.406135634534134,0.0,1023.8772124866913,0.0,0.0
2020-04-07,14.749139526532442,6.904812426824161,20.40041119906383,4.28001038007876,50.596216085456774,19.623559943361077,8.854151759248047,16.158794400866544,0.0,1026.2269921889101,0.0,0.0
2020-04-08,14.636331869285405,6.478992007498728,20.256268081470388,3.631993060115221,47.28240569347865,19.254599141173287,8.941093418318241,16.186711447356974,0.0,1024.4300459719548,0.0,0.0
2020-04-09,14.90593077539297,6.2711524450557015,21.041819585572487,3.957653953460712,48.26713677825532,19.89179148392625,8.060054220506021,14.39227206722935,0.0,1021.2071653885457,0.0,0.0
2020-04-10,15.771390293085778,7.140382576820019,21.930254987909475,4.818700609630418,49.54560284272872,19.34022522885044,7.897026956065808,14.883280602905135,0.0,1021.0730392594323,0.0,0.0
2020-04-11,15.82975507179465,7.614986715101828,21.941476388745784,5.333470542378245,52.07940228909074,19.230329539478923,8.262062340799233,14.990230652841973,0.0,1020.0963555270778,0.0,0.0
2020-04-12,16.0196738585685,8.408245188624687,21.620269792242908,5.444164998332512,51.1092771544259,19.01525951378901,8.215882677254031,15.460024304951023,0.0,1018.7961152022257,0.0,0.0
2020-04-13,15.63703940095683,8.698880487692094,20.73411173881048,5.646570159260918,53.07511054619368,18.60278843882933,9.608246466609613,18.77881330992966,0.0,1015.1926161488627,0.0,0.0
2020-04-14,15.011901604928068,9.52566650437835,20.105638742714344,7.603199497251465,60.83369943164568,18.460860974144328,13.307591209496975,31.133690971934385,0.0,1011.5314238556933,0.0,0.0
2020-04-15,12.587277630452222,7.48570064469107,16.732210993958983,3.8464985295773886,54.71225699247592,19.91029364892169,11.452901189512405,19.953646839335125,0.0,1021.8668622891837,0.0,0.0
2020-04-16,13.554212245518105,5.8167066942477135,19.071918460603555,4.846664270855257,57.41993081364108,19.756796507958732,7.9972784166608255,14.748044784143248,0.0,1021.1792017273207,0.0,0.0
2020-04-17,15.199981699400587,6.901069004681128,20.403152404417302,6.15871366175605,58.20956369671065,19.6924681744873,7.80097859068916,13.41202506093116,0.0,1018.1517301105141,0.0,0.0
2020-04-18,15.91677104420951,9.06103598904142,21.09022579042811,8.46700209544334,64.03234479266516,18.51962414958922,7.255363469142551,14.666456937357669,0.0,1016.5164385751007,0.0,0.0
2020-04-19,16.265721964974393,10.778049139801144,20.828134952948204,10.85429059516051,70.97653721603695,18.629370491120703,7.939841674614918,15.681190402413266,0.0,1013.7619633354049,0.0,0.0
2020-04-20,14.336174415071433,12.380074445457325,15.999171984199377,11.954664235794553,86.56352172591923,11.252256153144913,12.713878760255241,22.023192038894006,0.0,1010.5853312063193,0.0,0.0
2020-04-21,13.33663020358556,11.240988827337976,15.440252553584369,9.205312857910817,77.11500829768846,15.788473809690736,12.536647149568756,20.213746698455036,0.0,1011.0543726480136,0.0,0.0
2020-04-22,14.686981367918039,9.930007889975432,18.210413127399843,7.007996671362666,63.35101939518256,17.328682305046794,10.964211537664706,18.43154876591809,0.0,1014.6315264081093,0.0,0.0
2020-04-23,15.285431686969993,9.120457367571676,19.65035422549956,7.0084173992218775,60.80906932155522,18.857835239623608,9.379960783860627,16.758612085460893,0.0,1016.4909507121553,0.0,0.0
2020-04-24,16.017971879229812,8.874044311621253,21.151663023811587,7.955244330267089,61.61057023631964,19.180260990718477,8.549418092732239,16.02385629885914,0.0,1014.1732776718857,0.0,0.0
2020-04-25,16.584169734853425,10.133257750871184,21.478712986914392,9.153978974535072,63.36932788705482,19.39761785142065,10.120781551515973,18.633039352208115,0.0,1010.4812496300436,0.0,0.0
2020-04-26,16.35414493671551,11.100861354933324,20.498030121589945,9.374915025424887,65.54786811849824,19.258814429133466,8.436992996401608,16.318496692294765,0.0,1010.3786451950219,0.0,0.0
2020-04-27,16.472170312974733,11.829994682467351,20.520309176542156,11.150482376177417,71.91425098754193,18.0863491340018,8.295293983591613,16.72727134609543,0.0,1011.9004519902753,0.0,0.0
2020-04-28,15.697785627468807,12.345491491947751,18.78193178365245,12.150026587663286,80.2401397751444,17.598427529626225,9.859332269826801,19.92303251291404,0.0,1010.9886470677593,0.0,0.0
2020-04-29,16.314923275600073,12.072702066241284,20.242050288666125,11.014429504709776,73.43544515344892,18.314015496809454,11.647162716499546,20.995502886660642,0.0,1009.0219196292908,0.0,0.0
2020-04-30,15.788943330294694,11.31689076268613,19.38163552111827,10.709848830142775,72.9750987541782,18.79168185961711,10.430093436645397,19.260202066241312,0.0,1010.501637040412,0.0,0.0
2020-05-01,17.088545816518778,12.325924562819544,20.54802206080173,11.275222060801704,70.84461232176467,19.00434436373405,10.369242937853024,18.770117621738027,0.0,1010.2834936777033,0.0,0.0
2020-05-02,18.5005514662363,12.636616653215027,23.09970285176218,10.757397202044649,63.63684396018282,19.483553403282077,11.558522598870022,21.692462254506392,0.0,1009.6821659940874,0.0,0.0
2020-05-03,18.248298358891656,12.945279930051171,22.145859160613465,10.104208501479686,61.08714151197186,19.299368845843254,10.719117702448198,19.954790691417898,0.0,1013.1565068603787,0.0,0.0
2020-05-04,17.887228679042288,11.604984261501244,22.480301721818584,7.76232902878667,53.75337126715097,19.888449825127754,9.694560263653482,17.327690879741713,0.0,1017.02847484531,0.0,0.0
2020-05-05,17.680750336292782,11.085149986548329,22.42109268227056,10.691790422383637,65.57530723701932,19.664299165994013,8.897844632768352,16.86444417541022,0.0,1014.3529795534043,0.0,0.0
2020-05-06,18.307793650793702,13.05311985472158,22.41408703255305,11.864023944040909,67.41325827280069,19.505624966370693,10.424729755178909,19.962719128329294,0.0,1013.6393223029373,0.0,0.0
2020-05-07,18.27940947000273,12.032735673930626,22.700731100349657,8.38664541296746,55.20941646489109,19.96013344094696,9.300345574387947,16.048278450363195,0.0,1019.6258081786432,0.0,0.0
2020-05-08,18.976207963411422,11.886234732311037,24.048753699219713,9.29576782351358,56.231804412160606,19.76784718859288,8.1811440677966,14.88695264998649,0.0,1019.5473750336304,0.0,0.0
2020-05-09,19.191398923863424,12.424865240785664,24.171567258541852,9.772312456281927,57.38870836696261,19.557451708366827,8.513098870056425,16.76319671778324,0.0,1015.6012620392854,0.0,0.0
2020-05-10,18.99947914985212,14.714661285983373,22.71837234328766,12.138733925208497,66.89690610707531,18.949926284638,10.173129943502763,18.674099542642022,0.0,1012.1826575195121,0.0,0.0
2020-05-11,16.982884046273956,13.762118913101945,20.263099273607658,13.062843153080484,79.13936938391205,16.499319881624885,12.776843691148768,23.613783158461093,0.0,1006.0470228679055,0.0,0.0
2020-05-12,18.312526230831363,13.51020177562554,22.62264729620653,12.662647296206632,71.68059725585155,18.95239709443096,10.296045197740114,19.92742534301856,0.0,1010.0174334140484,0.0,0.0
2020-05-13,17.31644336830785,13.653192359429626,20.38174334140427,12.524086090933544,76.53010384718881,16.434687113263323,11.577069679849332,21.267794457896127,0.0,1011.2395652407868,0.0,0.0
2020-05-14,19.992239978477336,15.090661285983302,24.16398062953986,13.267046542910993,67.94162927091763,17.315410277105105,10.873476459510353,22.15674361043849,0.0,1007.8992714554762,0.0,0.0
2020-05-15,18.768420769437803,15.016130212536972,22.30061339790145,13.606345977939243,73.37756147430747,18.33886790422376,11.429951035781537,21.72225773473228,0.0,1011.0393392520863,0.0,0.0
2020-05-16,19.080960966131673,14.685136113353176,22.8504518578304,12.997538863480106,71.15881361910702,18.908188682629234,10.90203055032435,20.324749134606854,0.0,1016.5960963142419,0.0,0.0
2020-05-17,20.070990344662718,15.488110124652607,24.445434908677896,13.822180671389738,70.00342378859845,17.791171733476677,8.860493827160443,16.775623710878072,0.0,1016.2622658057679,0.0,0.0
2020-05-18,21.490514124293775,16.370194915254242,25.12114971751412,14.396774011299437,65.62341807909604,19.577898305084737,10.072353107344638,18.335700564971745,0.0,1017.0423333333334,0.0,0.0
2020-05-19,19.79370056497175,16.583573446327687,23.449646892655373,15.075734463276836,74.98477401129944,18.873220338983053,11.051426553672316,21.258276836158192,0.0,1013.3159604519774,0.0,0.0
2020-05-20,19.958305084745763,14.944152542372882,24.029839924670444,13.853107344632768,70.2481732580038,17.741148775894533,10.402900188323919,18.939227871939732,0.0,1011.1893691148778,0.0,0.0
2020-05-21,20.807736346516027,15.521900188323865,24.73139924670434,12.121913370998097,60.05022222222243,19.344613935969825,10.705077212806023,17.940749529190168,0.0,1016.076178907718,0.0,0.0
2020-05-22,21.214703196347024,14.991506849315071,25.56196347031964,12.411552511415527,59.08607305936074,19.389771689497714,9.037123287671236,15.59625570776256,0.0,1022.2130593607308,0.0,0.0
2020-05-23,21.293307458143147,15.846751902587547,25.65698249619493,13.692829528158331,64.17014079147617,18.61299467275483,9.229977168949707,19.966532724505395,0.0,1021.6385654490123,0.0,0.0
2020-05-24,20.5302264079148,14.858771879756501,24.506349885844912,11.930664003044136,60.35204528158264,19.75505707762544,9.971117770167373,18.87659627092856,0.0,1022.4484474885867,0.0,0.0
2020-05-25,20.794840182648393,14.503607305936074,24.96447488584475,9.989406392694065,52.72922374429225,20.02127853881278,9.938949771689499,17.013607305936073,0.0,1023.9906849315068,0.0,0.0
2020-05-26,19.978972602739717,14.794446347031968,23.626128234398788,9.810867579908678,53.783599695586005,19.795384322678828,12.188226788432276,22.05997336377472,0.0,1024.6228671993915,0.0,0.0
2020-05-27,19.616291856925443,13.888178272450483,23.413385654490114,8.299564307458121,50.454533866057844,19.784570015220662,11.290075152207,19.227669330289157,0.0,1026.390232115674,0.0,0.0
2020-05-28,19.538917427701694,12.817110920852313,24.16944920091324,9.66158485540333,55.11238394216157,19.53721080669707,9.362304984779296,17.147079528158258,0.0,1022.470515601214,0.0,0.0
2020-05-29,17.287213554879084,13.156422818366305,20.787461419753086,10.045694867241668,64.62812764248268,18.4896182141045,11.24655578809403,22.651423769660074,0.0,1019.466685692542,0.0,0.0
2020-05-30,17.979375484871973,12.92905417636411,21.797100465477108,10.220477114041877,63.26305275407304,19.91215412464443,8.80666214119471,17.236683475562472,0.0,1015.7151086113257,0.0,0.0
2020-05-31,18.005705394190873,13.551089211618256,22.063796680497926,11.202282157676349,66.05938796680498,19.21602697095436,7.9937759336099585,16.030342323651453,0.0,1015.0225622406641,0.0,0.0
2020-06-01,20.147908659281065,13.803753108749694,24.30689577210033,11.623061270630787,60.85579923129107,19.525570879493564,8.92321953425275,15.958444494686818,0.0,1016.0268143793808,0.0,0.0
2020-06-02,21.211898934096094,15.195451126218266,25.946100587508703,12.421282408115987,60.336571909776055,19.55725075351937,10.29897744193368,22.250890952572945,0.0,1013.0226525282536,0.0,0.0
2020-06-03,20.66827298859861,14.523744926412778,25.31370003122202,13.335322933152506,65.73155690492347,19.772795882992593,10.544635724513618,22.748007708622627,0.0,1008.597015600271,0.0,0.0
2020-06-04,18.086999773909163,15.261496721682091,20.892652046122496,14.2124802170473,81.20791318109887,15.266335066696813,13.130364006330524,23.203300926972595,0.0,1003.0400180872708,0.0,0.0
2020-06-05,19.463305448790454,14.898937372823855,23.74031200542613,13.804612254126205,72.85986886728466,18.06298892154647,11.342165950712163,21.98806240108519,0.0,1000.0663802848745,0.0,0.0
2020-06-06,20.699515319519406,15.592076205863938,24.685684991348136,14.532221096377793,69.5586034391781,19.486741226871484,11.286511612488473,20.81928344635532,0.0,1007.2497813795073,0.0,0.0
2020-06-07,19.91792557758601,15.644094336199956,23.634069518118373,15.125634315158406,76.08537798349731,17.886452691832766,11.129757416349266,21.832795068503682,0.0,1007.58719942156,0.0,0.0
2020-06-08,18.355996253350998,15.450717569415287,21.90031545062067,15.112668626121035,83.14073619499804,17.438950076978564,9.489605202243682,21.643508499940783,0.0,1007.6423242143336,0.0,0.0
2020-06-09,18.57680307483612,14.869319466425484,22.481437938051048,13.737915442007733,74.9749491295501,18.48668324666517,10.158806240108504,19.17662220212521,0.0,1009.5199186072804,0.0,0.0
2020-06-10,18.10521623978559,14.196274883455509,21.83795958356206,12.773713166026118,73.57722726440798,18.925723759999137,9.909591636790347,20.260329662047905,0.0,1010.1729595297304,0.0,0.0
2020-06-11,17.58959981912734,14.20949581731854,21.108342753786967,13.334343205968844,77.6062853267014,17.053357449694776,9.271218629889194,17.92837440651137,0.0,1010.4110332353603,0.0,0.0
2020-06-12,19.586886728464894,13.991544200768685,23.80244178159615,13.13900067827271,68.71661768030756,18.98304318335971,8.857698394754669,16.241284196246838,0.0,1012.2113949807817,0.0,0.0
2020-06-13,20.751522683622643,15.521100892835715,25.39305663093775,14.30447220799132,70.01890726226735,19.0623514031147,9.938710615535248,21.348056203479945,0.0,1011.9923542938184,0.0,0.0
2020-06-14,20.902460960810014,16.20271970359766,25.087155658746962,14.949780822054135,71.7647811035515,18.608722644353684,10.018113735589532,18.636955140852734,0.0,1011.1118659374993,0.0,0.0
2020-06-15,21.02111688898937,16.475333484060595,24.74297987791091,15.736830205742711,73.70802622654307,18.727470042957272,9.359891476373505,19.84535383224056,0.0,1012.2601401763504,0.0,0.0
2020-06-16,20.957585349310413,16.903775717838574,24.700926972643,15.823875197829528,74.65444268595972,18.4984399728691,8.81930816188108,17.18923807370563,0.0,1011.9788831110108,0.0,0.0
2020-06-17,20.26909337553701,16.645263395885134,23.88975808274921,15.541216368980374,76.17933529278773,18.613972416911608,9.73239882432736,19.367669002939127,0.0,1010.8615419398596,0.0,0.0
2020-06-18,20.889034591905997,15.619715125480425,25.072891702464343,14.544381641419895,69.06041148541718,19.497535609314948,11.010038435451033,21.47867962921089,0.0,1012.2576531765767,0.0,0.0
2020-06-19,20.872118315700806,15.316636391277553,25.526737196628947,13.896614094038224,67.37637116327673,19.71831414159528,9.148081735754305,18.418759306758574,0.0,1014.1358728277713,0.0,0.0
2020-06-20,21.85123459327624,15.712479434048474,26.12223946450717,13.603798522677153,62.92595689787672,19.583793198285594,9.461677985892305,16.91557604728528,0.0,1015.0203482778436,0.0,0.0
2020-06-21,22.65880765503832,16.92359327572603,26.873537127907092,13.408888516680749,59.17835926101854,19.86928701027641,10.514162528156476,19.48354073778648,0.0,1013.7841155418392,0.0,0.0
2020-06-22,24.401853945286003,17.410219308161874,28.983314492425947,13.354962695003392,53.74329640515489,19.84571557766223,10.190097219082077,18.234456251413068,0.0,1015.622563870676,0.0,0.0
2020-06-23,25.442278996156503,18.869545557314023,29.789147637350172,14.198236491069455,52.829572688220786,19.564684603210498,9.314808953199169,16.642143341623285,0.0,1016.8502373954327,0.0,0.0
2020-06-24,24.86112851652083,19.227339771540528,28.687202179085464,15.335096842263965,58.153894684711,20.13928921331139,9.854832423586645,17.436454464218368,0.0,1017.5156228803977,0.0,0.0
2020-06-25,23.915125480443184,18.780963147185126,27.780990278091828,15.827040470269045,62.92047931268375,19.75437485869321,9.708614062853249,17.590721229934434,0.0,1017.2663260230603,0.0,0.0
2020-06-26,24.101605245308704,18.517476825683868,28.3969070766448,16.517929007461046,65.0117295952974,19.078363101967,8.552068731630095,17.196237847614697,0.0,1016.5744879041364,0.0,0.0
2020-06-27,24.936579058894228,18.970669845641574,29.29356091191957,16.66628250790584,62.921395245044486,19.478191527366267,8.102549835423437,15.984378196225373,0.0,1015.4219761322412,0.0,0.0
2020-06-28,25.069542127438968,18.85001791747964,29.559459524901172,16.639810213869634,62.47199340289586,19.842274532212613,7.822545117004839,14.415838251863306,0.0,1014.6822932492786,0.0,0.0
2020-06-29,25.741119472885327,19.854244587276423,30.2438650775707,17.821418343507467,63.944009991064156,19.662689620274985,10.284043366385626,20.052045691891923,0.0,1011.4080850101732,0.0,0.0
2020-06-30,25.90712186298897,20.563599366945482,29.83226769161207,18.455799231290978,65.31781144019901,19.76916120280354,9.14614515035042,16.666913859371473,0.0,1012.0226904815726,0.0,0.0
2020-07-01,25.97355334538879,20.841885171790235,30.03616636528029,18.928797468354432,67.81543851717902,19.19857594936709,8.8123869801085,18.25655515370705,0.0,1011.759945750452,0.0,0.0
2020-07-02,25.88268535262206,20.324028028933093,30.51559674502713,18.905741410488247,68.15427215189875,19.473214285714285,8.090867992766727,18.763110307414106,0.0,1010.64534358047,0.0,0.0
2020-07-03,24.321880650994572,19.670320976491865,28.890144665461122,17.840641952983727,69.45806962025317,19.211912296564194,10.93490054249548,24.42992766726944,0.0,1011.7592676311032,0.0,0.0
2020-07-04,24.078250863061022,18.40324291146397,28.333512318721546,16.569932062983735,65.96453632361086,19.82066736235676,9.569257070667339,18.61122944199421,0.0,1015.51055909555,0.0,0.0
2020-07-05,25.114627437728682,19.07273104171159,29.333544512266478,16.736592945467354,62.03195653232858,19.941142989636145,9.073988456253156,16.159334893738887,0.0,1014.8627778624809,0.0,0.0
2020-07-06,26.27236766398159,20.074028028933093,30.610030001643928,17.84965272069702,62.40684078579648,19.819168173598552,8.753739930955124,16.80402350813743,0.0,1009.4683852539864,0.0,0.0
2020-07-07,23.83236889692585,19.270275768535253,26.92893309222424,13.939647377938517,56.05409132007232,19.970094936708854,14.451311030741408,26.074276672694406,0.0,1012.8051537070523,0.0,0.0
2020-07-08,23.86867088607595,18.351265822784807,27.97355334538879,13.87590415913201,55.789330922242314,20.244122965641953,8.995253164556964,15.05244122965642,0.0,1016.3811030741409,0.0,0.0
2020-07-09,25.07075045207957,18.254633815551536,29.557640144665466,16.108951175406872,60.26503164556962,20.433205244122966,7.844258589511753,14.193942133815554,0.0,1016.4206600361664,0.0,0.0
2020-07-10,25.98991862567811,19.80305153707052,30.421699819168182,17.493896925858948,62.252102169981896,20.09441681735985,8.058905967450269,16.146835443037972,0.0,1014.5244122965642,0.0,0.0
2020-07-11,25.055737300674025,19.63701325504444,29.27306928074691,17.768394992459353,66.97059418979528,19.046752353315167,9.216544593271319,22.41787501161472,0.0,1013.9332534897636,0.0,0.0
2020-07-12,24.43937202038465,19.368568408751504,28.192779949824672,15.976848880343544,62.09053089865612,19.609184541380227,11.324817649329177,19.91972853783505,0.0,1017.6558574680603,0.0,0.0
2020-07-13,23.61184037481501,19.37759123787605,26.91383568962688,13.00302482327796,53.7435763603486,19.928990629623488,11.430422899884922,18.9919303797468,0.0,1017.7549379418023,0.0,0.0
2020-07-14,22.940551537070533,18.034471066907773,26.387206148282093,13.11505424954792,56.224344484629285,20.065664556962027,9.61754068716094,17.47129294755877,0.0,1014.3361211573236,0.0,0.0
2020-07-15,22.73223327305605,17.95178571428571,26.91491862567813,15.181057866184446,64.59003164556961,19.381035262206144,8.739963833634718,19.414692585895125,0.0,1013.4801084990961,0.0,0.0
2020-07-16,23.446966957093487,17.430891418707887,27.962298619102462,16.05388377445335,65.61794344895614,19.56050057537395,8.320657981259247,16.06412748643757,0.0,1013.6398836922542,0.0,0.0
2020-07-17,23.368853772809462,18.711762288344566,27.32657816866678,16.852406296235408,68.92113882952489,19.223937613019885,9.860689626828863,19.21833593621569,0.0,1012.2500719217493,0.0,0.0
2020-07-18,23.126532960710172,18.516398426834666,26.708376694851772,14.602526999692516,61.894328367010544,19.908009134508614,9.951852007376198,18.57592202788929,0.0,1014.0039587338837,0.0,0.0
2020-07-19,23.790997473660287,17.61112243106361,28.01869648732565,14.553906858949896,59.10124667934229,19.885025971482573,8.648496452777437,15.29568047627576,0.0,1014.5374043097263,0.0,0.0
2020-07-20,25.01799276672689,18.403955696202537,29.73539783001813,16.38340867992762,61.084968354430465,20.279588607594885,8.37649186256781,15.9056962025316,0.0,1016.4463833634693,0.0,0.0
2020-07-21,25.83765411803381,19.55638870623049,30.52617746177878,17.731777083675773,63.27816044714788,20.239343251684975,8.396742972217654,15.706216094032508,0.0,1018.3091874897226,0.0,0.0
2020-07-22,26.366546112115678,20.533928571428586,31.035578661844536,18.228797468354387,63.24455244122974,19.82253616636523,9.071338155515367,19.411347197106647,0.0,1016.6360307414076,0.0,0.0
2020-07-23,25.90049317770832,19.87261836265002,30.50063496629957,17.918033864869262,64.49335032056555,19.637851389117163,8.714328867335194,16.43700271247735,0.0,1013.0967100937007,0.0,0.0
2020-07-24,22.77124773960217,18.15608047016275,26.90122061482821,17.470162748643762,75.12827757685352,18.44789783001808,10.333860759493671,27.0377486437613,0.0,1011.2271699819169,0.0,0.0
2020-07-25,24.439589764431567,18.11423194587072,29.37240075096444,16.04869360851742,62.709375158006594,20.08451248933481,9.295560186210963,16.835095894341688,0.0,1012.5619038419896,0.0,0.0
2020-07-26,25.072609555905252,18.934166768348483,29.616044287205156,16.300985085458528,61.63714514562063,20.147315838202818,8.621882361289927,15.31025585635748,0.0,1013.9457744791723,0.0,0.0
2020-07-27,26.075593281040806,19.815115456424216,30.551566573119477,17.59664565768765,62.78987415161704,19.955639105469547,7.8624333622977325,14.2258573366055,0.0,1016.6015457304884,0.0,0.0
2020-07-28,27.066546112115727,20.77163200723327,31.569529837251363,18.747061482820975,63.39699367088606,20.04966094032549,7.754204339963832,14.737929475587704,0.0,1015.2136075949367,0.0,0.0
2020-07-29,27.721609403254966,21.55350361663652,32.305741410488245,19.757007233273054,65.18248191681734,19.91539330922242,7.5446654611211565,13.690461121157322,0.0,1014.9120705244123,0.0,0.0
2020-07-30,28.732911392405054,22.860691681735982,33.33128390596746,19.989376130198924,62.78419981916816,19.178729656419527,7.699502712477393,16.966907775768544,0.0,1016.5391048824594,0.0,0.0
2020-07-31,28.794061927289732,22.636825381603867,33.818974327360436,19.835738640168977,61.681005199676164,19.6594674898472,8.295870626092142,16.152761871274482,0.0,1015.1370288935132,0.0,0.0
2020-08-01,28.73281668075759,22.565391968640164,33.758895722270275,19.517479773842837,60.95383798916584,19.6225275455407,9.214638943034068,22.09522445456905,0.0,1012.4465843921083,0.0,0.0
2020-08-02,26.951710905881487,21.73995468440539,31.183629876000747,19.047905902867534,64.76460593731166,19.517121437182478,10.524193791440627,20.5014272797728,0.0,1010.5807801601738,0.0,0.0
2020-08-03,23.643083182640144,19.82956600361664,27.461799276672693,19.145569620253166,78.17653707052443,18.016613924050635,10.349344484629297,22.735872513562388,0.0,1006.4326401446657,0.0,0.0
2020-08-04,22.992949711530162,18.818866787221197,27.22650262636693,14.565766813054294,62.73293937828282,19.591610694910887,12.058194480323785,23.705373288555933,0.0,1006.1583139584926,0.0,0.0
2020-08-05,22.92633804787736,16.828819318866746,27.32619295186423,13.484132545423188,58.47857907086871,19.765116571945235,10.287190863687249,18.77166171531905,0.0,1010.7222922586733,0.0,0.0
2020-08-06,24.16157538964951,17.923749246534037,28.958419443726783,15.717665547231507,61.986782054593846,19.92400219581504,9.240269525531744,16.451191552570393,0.0,1014.9331783346228,0.0,0.0
2020-08-07,25.75945061568939,19.56140747438214,30.378401360544142,17.211110393524468,61.88913286833707,20.102686644277973,9.312715275983825,16.99380005166624,0.0,1016.8848058210604,0.0,0.0
2020-08-08,26.601261527050532,20.346359418911398,31.113778181583115,17.340716663535414,60.45067343220381,19.764480529265832,9.254195905059396,17.411680150771573,0.0,1016.3145771588353,0.0,0.0
2020-08-09,27.15700982637017,20.96210384326345,32.09950882827222,17.50184858465832,58.93184797797164,19.910225168893827,8.885788947339584,16.751139592776205,0.0,1014.8166971967264,0.0,0.0
2020-08-10,27.4781064324464,21.45262851976234,32.32662748643761,18.19164944458796,59.97713769051925,20.16205437871352,8.465625807284939,17.361389175923538,0.0,1014.254682252648,0.0,0.0
2020-08-11,26.7316154309826,20.77740463273915,31.888347110996218,18.623439249117343,63.98545810729343,19.126776026866445,7.999327262550602,16.343419013174888,0.0,1015.3778631705824,0.0,0.0
2020-08-12,27.0623869801085,21.48711573236889,31.798372513562388,19.110307414104877,64.27192585895118,19.550971971066907,8.389127486437612,17.607029837251357,0.0,1015.7735081374319,0.0,0.0
2020-08-13,26.53657538964961,20.989300783604566,31.216104796348844,19.106906053560635,66.999666322225,19.622804184965133,8.683420520106788,18.176892275897707,0.0,1015.1411349349844,0.0,0.0
2020-08-14,26.28367992766727,20.845614828209765,31.28119349005425,18.311934900542497,64.89828209764919,19.264353526220614,8.789669981916818,18.899299276672693,0.0,1012.5551537070523,0.0,0.0
2020-08-15,26.00981487243932,20.25801144681118,30.86970171555367,18.562545648293867,65.92608934540459,19.804535424641703,8.683730908934361,16.76883527864551,0.0,1012.029034663356,0.0,0.0
2020-08-16,25.825592449292838,20.47026280304988,30.208083270707327,18.804860295671805,68.19959748283685,20.183152061169782,8.411805049983196,17.782171625842633,0.0,1011.777226345092,0.0,0.0
2020-08-17,24.919680530440054,20.02740463273914,29.425869714974517,18.59631447515713,70.28044002411079,19.52234564711961,9.119580427107564,20.512722810643247,0.0,1010.7772754671463,0.0,0.0
2020-08-18,24.503121501765236,19.881705846895706,29.133148195987182,18.04881382932917,69.84211659347271,19.60133040557996,8.70489429949196,17.121964608628264,0.0,1010.4480969603011,0.0,0.0
2020-08-19,25.001087143718273,19.29671488848702,29.60737966072497,17.81215017652628,66.84347283217075,20.264079049341266,8.711449453199013,16.260074916042367,0.0,1010.6558275208797,0.0,0.0
2020-08-20,25.95429690863695,20.03676913803494,30.698247653491702,18.23303625247565,65.26051623180908,19.991927150607086,7.896349995694492,15.019116507362435,0.0,1012.8172199259427,0.0,0.0
2020-08-21,27.203392749504946,20.99856841470764,31.999784724016124,18.6769783862912,63.14817445965714,20.056348488762602,7.9300299233617615,14.626259364505296,0.0,1015.6910897270277,0.0,0.0
2020-08-22,26.93134677634012,21.02183216497185,32.07103857941312,18.405577164697906,62.82236937640428,19.69488998418704,8.652634293072825,17.21289043235258,0.0,1014.4436562081764,0.0,0.0
2020-08-23,25.87021657742509,20.593776107105654,30.479736590263013,18.225242625819064,65.58994622993052,19.659501195760274,9.944650567937195,21.787971806674424,0.0,1012.6921281792427,0.0,0.0
2020-08-24,24.785119693446994,20.33123310083525,28.908999397227173,17.813454748988182,67.3176500473606,19.32964931542237,10.263669809696037,19.135159519504022,0.0,1012.3057461465573,0.0,0.0
2020-08-25,24.660345733229995,19.23167872212173,29.26268707482986,16.58999827779211,63.580760354774654,19.71015499870835,9.43181111685181,16.734342547145452,0.0,1013.8034857487272,0.0,0.0
2020-08-26,25.453134418324343,19.71172393007833,29.919831223628613,17.84599156118141,65.17103676913793,20.23135171790235,9.068075647980722,16.2874095840868,0.0,1014.5715792646147,0.0,0.0
2020-08-27,25.554174201326145,19.71850512356839,30.130726341169304,18.59260096443638,67.53563893911985,19.699028028933093,8.958446353224845,16.17891048824593,0.0,1013.2148884870379,0.0,0.0
2020-08-28,25.116335141651632,20.598704038577434,29.335066305002933,19.294906570223,72.48319770946344,18.922355334538878,9.756592827004232,19.776785714285715,0.0,1008.4931434599132,0.0,0.0
2020-08-29,24.271988729323734,20.10985851475227,28.181636616096156,18.66067920551423,74.36915961148581,18.668588640864893,11.810442353005538,21.77035297433135,0.0,1005.552155304017,0.0,0.0
2020-08-30,23.66563162952182,19.436432182193965,28.046615519049805,17.448470904472316,71.23832563232459,18.549110469849666,13.419113669633395,28.564043235245837,0.0,1007.1771660678193,0.0,0.0
2020-08-31,20.581072935503293,16.128670455523956,24.901005338844424,15.52104322741751,75.42261904761894,18.43859790751744,8.772722380091286,20.40637109274089,0.0,1011.8412447257359,0.0,0.0
2020-09-01,20.434406779661025,14.227062146892655,25.640423728813573,13.005734463276832,65.77347457627118,19.48822033898306,8.773022598870059,15.733870056497176,0.0,1011.3840395480223,0.0,0.0
2020-09-02,20.352598870056504,15.885593220338983,24.46573446327684,14.48234463276836,70.77776836158192,19.426299435028255,8.666807909604524,17.125734463276828,0.0,1014.2179378531073,0.0,0.0
2020-09-03,21.458870056497183,15.54271186440678,26.343954802259887,14.68282485875706,67.86338983050848,19.94045197740114,7.409265536723164,14.007118644067798,0.0,1019.7936723163842,0.0,0.0
2020-09-04,22.59209039548023,16.063502824858762,27.87073446327684,14.692429378531074,64.21943502824858,19.859209039548023,8.16723163841808,14.26056497175141,0.0,1024.14395480226,0.0,0.0
2020-09-05,22.824903578367053,16.470063993976858,28.108095604959956,15.384807029129036,65.78278203128302,19.323032743478514,7.659533395859915,14.457259567992704,0.0,1018.1429242791162,0.0,0.0
2020-09-06,22.677805478726594,16.667023418732906,27.657155697409877,15.826460855528627,68.05658788644483,19.37927311327822,7.935619682454678,16.32499454488018,0.0,1013.413997725444,0.0,0.0
2020-09-07,21.817615819208992,17.66166101694914,26.021214689265538,16.443271186440665,74.31166666666667,18.932446327683564,8.978627118644061,18.035361581920885,0.0,1015.7295310734436,0.0,0.0
2020-09-08,23.117093220338944,17.912197740112997,27.868785310734467,15.863144067796586,66.61217514124293,19.74760169491521,8.96174858757062,15.40483898305083,0.0,1022.8132457627088,0.0,0.0
2020-09-09,23.498279661016912,17.441971751412428,28.330225988700573,16.299499999999984,66.80610169491526,20.209268361581877,8.49996892655367,15.203906779661,0.0,1022.2259858757029,0.0,0.0
2020-09-10,23.539084745762672,17.91352542372881,28.242231638418087,17.403384180790948,70.88850282485878,18.720355932203354,7.1725254237288,14.307112994350266,0.0,1016.2113389830477,0.0,0.0
2020-09-11,23.566788906009197,19.233987673343602,27.660670261941448,17.472043656908053,70.91564201335389,18.964731895223387,8.447255778120184,16.84863328197225,0.0,1013.4961977401103,0.0,0.0
2020-09-12,23.52719625085457,17.87853377654834,28.589603908332663,16.52440718321223,68.00451632335633,18.84872038258136,7.9797882323605105,14.970436164465857,0.0,1016.1415372734634,0.0,0.0
2020-09-13,24.303339704551426,18.331886761073026,29.458756450705557,16.70067836965291,65.49980495022928,19.125812006261054,8.452517291559731,15.508701946828886,0.0,1021.111254787588,0.0,0.0
2020-09-14,24.62741606133959,19.223472962066005,29.674374495560876,16.613785714285687,64.0378369652952,19.478840597255743,8.970929378531133,17.34360008071006,0.0,1023.2174951573874,0.0,0.0
2020-09-15,24.3970367231638,18.746830508474574,29.47146892655368,16.241194915254226,63.55570621468927,19.1620367231638,8.593754237288133,16.555093220338975,0.0,1020.5299406779628,0.0,0.0
2020-09-16,24.107545197740073,18.467960451977397,29.17723163841808,16.292268361581907,65.15322033898305,19.042940677966058,8.060420903954794,16.252720338983046,0.0,1016.6725395480194,0.0,0.0
2020-09-17,24.14837683615816,18.31073559322033,29.44341920903955,15.763988135593197,62.84424858757061,19.669327118644016,8.589044632768356,16.393475141242927,0.0,1015.0926796610139,0.0,0.0
2020-09-18,23.90973276836155,18.47480338983049,28.571328813559322,15.979807344632757,63.45035028248586,19.747293220338925,10.022942937853099,17.418785875706188,0.0,1017.7263519773982,0.0,0.0
2020-09-19,22.009764047464884,17.676053550559658,26.022061535451307,15.645782889426933,68.82160671883655,19.293548066197232,8.436344729535678,15.482094356556267,0.0,1017.8541672169692,0.0,0.0
2020-09-20,21.34167365198461,16.868166544909915,25.74093159194848,16.108178369652915,73.90081575838454,17.756757105745198,7.199463373603401,14.36505480853369,0.0,1015.5725400983226,0.0,0.0
2020-09-21,21.127401129943504,17.24593220338983,25.48742937853107,17.072514124293786,79.12432203389831,16.64584745762712,7.078107344632769,15.609463276836154,0.0,1015.6525141242938,0.0,0.0
2020-09-22,19.97689265536723,17.26084745762712,23.518163841807908,17.10912429378531,84.33584745762712,16.399745762711866,7.640141242937852,16.25737288135593,0.0,1014.5320621468927,0.0,0.0
2020-09-23,20.31586440677962,16.915954802259872,24.110282485875715,16.341039548022582,80.5897175141243,16.51609039548018,7.583683615819197,15.699231638418063,0.0,1010.982101694912,0.0,0.0
2020-09-24,20.395468926553626,16.399740112994337,24.465960451977402,16.509711864406768,79.49313559322034,17.216740112994305,8.857949152542368,18.245079096045185,0.0,1010.7803785310707,0.0,0.0
2020-09-25,18.810892655367184,14.249853107344608,23.32225988700565,13.453242937853085,73.49197740112994,17.138802259886962,15.799502824858804,33.230192090395576,0.0,999.0627796610139,0.0,0.0
2020-09-26,16.438197380798208,11.318710047734875,20.82799486878463,7.33770887812747,53.89362366798883,19.32154750122542,14.3992594188011,27.725767237912287,0.0,1001.3038242791141,0.0,0.0
2020-09-27,14.882292296052515,9.4706015731587,19.16384119646825,8.639412832929754,67.14609824426027,18.308449196140717,11.0173475543944,22.21696723791218,0.0,1005.5280231491728,0.0,0.0
2020-09-28,14.845567796610124,9.905531073446305,19.662683615819212,8.72879378531071,70.21635593220338,19.07901412429374,9.5237824858757,17.721562146892644,0.0,1008.0349406779633,0.0,0.0
2020-09-29,16.116568926553622,10.609888135593195,21.29994463276836,10.185259322033877,70.13732768361585,19.450146327683566,7.389581355932193,13.968418644067778,0.0,1015.8837813559293,0.0,0.0
2020-09-30,16.880297740112955,11.050679096045174,22.040283615819202,11.877801694915235,74.37043502824862,19.97658700564966,6.766756497175131,12.922881920903935,0.0,1014.5407305084719,0.0,0.0
2020-10-01,17.50263875041544,13.141455633100724,21.31558657361251,13.303037554004678,78.02420737786635,18.9548288467929,6.663223662346288,13.939421734795639,0.0,1008.5853506148236,0.0,0.0
2020-10-02,17.58602858092392,14.365184446660047,20.24327018943172,14.500099700897335,84.04816218012624,14.002738451312675,17.02955134596212,27.78303755400468,0.0,1001.9977799933548,0.0,0.0
2020-10-03,18.291114373048888,14.584432108030095,21.6529108257136,13.307791930063415,74.6779837690021,17.748024043310302,16.78656273578424,31.23260292026837,0.0,1001.5662303076332,0.0,0.0
2020-10-04,16.523204768529094,12.442963181476411,20.575848678820943,11.255814528933449,73.47120410798517,18.564973195852687,11.93820115386327,23.24819614060739,0.0,1007.1906370872944,0.0,0.0
2020-10-05,16.279633100697925,12.7048454636092,19.739134596211386,12.006992356264567,77.58027517447651,18.64065935526748,8.60749484878696,17.95885676304423,0.0,1009.4281076769704,0.0,0.0
2020-10-06,15.890332203389823,11.073717514124294,20.021306214689268,11.367222598870056,75.81530395480226,19.70381920903955,8.088949152542375,15.393690395480226,0.0,1014.3429966101694,0.0,0.0
2020-10-07,16.858570953805273,12.19524094383519,21.495699567962788,11.2693652376205,72.51166500498498,18.17900963775335,10.33328015952143,19.675466932535752,0.0,1012.3704353605864,0.0,0.0
2020-10-08,16.170395480225988,9.998870056497175,21.439774011299434,9.08677966101695,66.30824858757062,19.67977401129944,8.473672316384183,15.570621468926554,0.0,1020.3656497175141,0.0,0.0
2020-10-09,15.253107344632769,10.190960451977402,20.36135593220339,10.409491525423727,75.01627118644069,18.555706214689266,6.755254237288137,12.256045197740114,0.0,1021.7468926553673,0.0,0.0
2020-10-10,15.910464323198395,10.281846531426519,20.63761803741186,11.346562285663236,76.6001944702318,17.581375987477827,6.875339073437796,13.58052581824139,0.0,1017.4928118961985,0.0,0.0
2020-10-11,13.977356978565565,10.638908678319194,17.314454195603926,10.473793924081312,81.73522271881939,16.781262993127562,10.092514214680717,19.649339377563386,0.0,1012.175297771906,0.0,0.0
2020-10-12,12.35859241323647,8.584912563895607,17.016843691148807,8.028280871670702,75.62379983857943,18.204463814904486,9.40042399784772,18.206252354048942,0.0,1010.1743362927084,0.0,0.0
2020-10-13,12.232957149065616,6.3686066927422855,17.038124989135166,5.481711951325512,64.51165336810082,19.86375836592785,8.546480660582349,15.462451803563669,0.0,1008.6795720121687,0.0,0.0
2020-10-14,12.635437707390668,7.72090978347013,17.19863811641999,7.921698657872564,74.374595209244,18.936598512155765,8.47492466191169,15.747410261523152,0.0,1009.1435214970488,0.0,0.0
2020-10-15,12.550774343635773,10.720890661349314,14.512648720505164,10.019873712196773,86.00929212362905,14.892681954137535,11.370342306414086,21.297161847789997,0.0,1006.6992489199084,0.0,0.0
2020-10-16,12.576768361581918,9.357966101694917,16.440045197740115,8.907570621468926,80.101604519774,17.634079096045202,7.626079096045197,14.743502824858757,0.0,1011.7727005649716,0.0,0.0
2020-10-17,12.586333249751982,7.48844540148301,17.299715212553078,8.558756635945727,78.90894475271764,18.024065253014587,6.7613503728728315,12.983594744795079,0.0,1014.319424325578,0.0,0.0
2020-10-18,13.014916300599447,8.22331545798019,17.373934421592654,9.314584884533296,79.70292893350863,17.20912739990721,6.535542463268308,12.079508869088848,0.0,1018.7603147210573,0.0,0.0
2020-10-19,12.853604519774008,8.147118644067797,17.47326553672316,9.273220338983053,80.67290395480225,15.031367231638422,6.039186440677966,11.465762711864407,0.0,1022.7679548022596,0.0,0.0
2020-10-20,12.536090395480224,7.971751412429379,16.76162711864407,9.231412429378533,82.21550282485875,13.945491525423732,5.89342372881356,11.561807909604518,0.0,1024.0414011299433,0.0,0.0
2020-10-21,13.659209039548022,9.07457627118644,17.85785310734463,9.80632768361582,79.51706214689266,14.135819209039548,6.457175141242938,12.220790960451975,0.0,1023.4709604519774,0.0,0.0
2020-10-22,13.672808241940878,10.013772017281516,17.498637421070143,10.737387836490557,83.86646726487199,13.31799268860081,5.965596543702219,11.54213359920242,0.0,1023.3620737786653,0.0,0.0
2020-10-23,14.431226321036922,11.524958457959485,16.719428381522114,12.427331339315414,88.77878364905277,9.447258225324026,6.450794283815213,12.223037554004678,0.0,1020.169531405784,0.0,0.0
2020-10-24,15.113628165006276,11.736535796963263,18.32914346114065,12.656618782838384,86.77703062842392,12.084313840585006,7.756469016940604,14.936119038580403,0.0,1016.2839983368781,0.0,0.0
2020-10-25,14.317103073613813,10.311889735148732,17.935170712719266,11.442820178650965,84.18487642436935,14.044069241050314,7.187466690586332,14.336105745127457,0.0,1015.1654393471815,0.0,0.0
2020-10-26,14.61744101030246,11.888348288467958,17.427676969092733,12.02620139581259,86.29855766035222,14.037540711199679,11.975314057826512,21.666201395812593,0.0,1008.7132602193434,0.0,0.0
2020-10-27,13.34829378531073,9.5954802259887,16.99100564971752,9.533333333333333,78.86635028248588,19.119050847457636,9.604384180790957,19.238418079096046,0.0,1009.4599322033896,0.0,0.0
2020-10-28,12.378041894828325,7.823747935680139,17.122644763146464,8.346118730986522,78.865325684485,19.304436332029546,7.85020947414168,14.289344458930898,0.0,1016.0935833116037,0.0,0.0
2020-10-29,12.685878385356764,8.431870235447537,17.44568896387762,9.22678340363527,81.30444831658862,18.92141207147781,7.041568729708307,13.124585402766087,0.0,1018.7912503106082,0.0,0.0
2020-10-30,13.245269013472393,8.307544545849638,18.554717079530644,10.263415906127763,83.65942285962625,17.020232942199033,5.827339417644504,11.467405475880053,0.0,1022.643287266406,0.0,0.0
2020-10-31,12.894262493903632,8.271781653596284,17.747731754232394,10.306028235639422,85.707049846133,12.52524438229326,6.179417562607965,11.314302748320769,0.0,1022.1195184432268,0.0,0.0
2020-11-01,12.512330691395052,8.750024024969944,16.423180605233608,10.55288432804448,88.30072467597185,9.707294365061726,6.011661765947183,11.787228135362827,0.0,1022.1371450371364,0.0,0.0
2020-11-02,13.139152055979205,9.643938202688863,16.715951529208265,11.058932502555258,88.56547782844558,9.621501297271793,5.723327305605787,11.523159249941035,0.0,1022.899785753596,0.0,0.0
2020-11-03,14.26876130198915,11.528707052441227,16.95886075949367,12.18490054249548,88.625452079566,9.038426763110307,4.793851717902352,9.889692585895117,0.0,1022.8336347197107,0.0,0.0
2020-11-04,14.421268005237891,11.648040468915633,17.263145382552853,12.411965298996071,87.97751683606657,10.009119536072824,5.250420901664898,11.081237918563332,0.0,1022.1988292698129,0.0,0.0
2020-11-05,14.36731464737794,10.618218806509946,18.241071428571434,11.4625904159132,84.2275090415913,12.685804701627484,7.006329113924052,13.002599457504525,0.0,1027.4649638336348,0.0,0.0
2020-11-06,14.212025316455698,9.9500452079566,18.12827757685353,10.267744122965642,79.315438517179,14.51650090415913,7.313517179023509,14.65856690777577,0.0,1029.256103074141,0.0,0.0
2020-11-07,12.395433279505918,7.69996425397601,17.688765735568328,8.946298529418216,81.74427816431066,14.520210707112607,6.368609406913822,11.995379505181784,0.0,1027.8307034393856,0.0,0.0
2020-11-08,11.935226555849807,7.36647337776362,17.535408017337197,9.124140465962679,83.40633841418747,14.32562127755484,6.171523265207412,11.720474030909216,0.0,1025.2497195498559,0.0,0.0
2020-11-09,12.625904159132011,7.3168324291742035,18.124321880651003,9.224174954792042,81.1758589511754,16.252882007233268,5.953529987944549,12.578435804701627,0.0,1023.1697747136833,0.0,0.0
2020-11-10,12.044755877034357,7.288351416515975,17.440890596745028,9.063573688969258,83.81882911392404,13.11612793851718,5.7372099156118175,11.489715189873413,0.0,1023.3983009342979,0.0,0.0
2020-11-11,11.05379746835443,6.607368896925858,15.29362567811935,8.770569620253164,86.34290235081373,10.808092224231462,6.046338155515372,11.62861663652803,0.0,1024.0309674502712,0.0,0.0
2020-11-12,11.776898734177214,8.738245931283906,15.214285714285715,9.489828209764921,86.45230560578663,9.775316455696204,4.896473779385172,10.209764918625678,0.0,1023.9821428571428,0.0,0.0
2020-11-13,11.767179023508136,8.523282097649188,15.102848101265822,9.508363471971068,86.50768535262208,9.375226039783,4.9825949367088604,9.998191681735983,0.0,1024.370253164557,0.0,0.0
2020-11-14,11.220190800465947,7.920736625064813,15.171997693483831,9.046737252087944,86.54622621625884,9.934351550446518,5.611775128323197,10.65040169817866,0.0,1024.2776063518725,0.0,0.0
2020-11-15,11.900570547301422,8.63705669739753,15.058977801982932,9.224630561310368,85.07425514935106,10.123998928385033,5.366974043332243,10.734488497455336,0.0,1021.9410331149827,0.0,0.0
2020-11-16,12.134041591320072,9.018987341772153,15.365506329113927,10.395343580470163,89.60420433996384,8.948010849909586,6.953435804701628,14.110533453887884,0.0,1017.3987341772153,0.0,0.0
2020-11-17,10.997739602169986,7.341696805304402,15.446654611211573,7.79876808318264,82.03526220614826,13.907267179023506,9.0737831525015,15.86482820976492,0.0,1023.5590152200122,0.0,0.0
2020-11-18,10.233290823148355,6.184105023355478,14.26776874025997,7.29490574199587,83.3771695767889,12.804427038597252,7.214395592767488,12.559642850365048,0.0,1027.2622751129568,0.0,0.0
2020-11-19,9.302893309222425,4.567962628089212,14.300745931283902,6.930662296564195,85.62036618444846,12.64121835443038,5.804569770946356,12.300293851717903,0.0,1022.2947747136833,0.0,0.0
2020-11-20,10.204637925365773,6.157611375965806,14.137822620417554,6.2370438106197605,75.75952449449285,16.176814482985368,11.323668420187404,22.112793851717907,0.0,1019.0455572908104,0.0,0.0
2020-11-21,8.322747194264704,4.2507213532333985,11.883194793027098,3.7375927813963874,66.62624563959832,17.941638653134607,12.137047284391256,21.360402484404016,0.0,1026.6439231035938,0.0,0.0
2020-11-22,6.90891749067162,2.742102358029313,11.842792638769685,3.0981950300007988,70.4355368574613,17.97469942835279,8.959497948751734,16.11309530616675,0.0,1027.7170911985697,0.0,0.0
2020-11-23,7.008572983153347,1.9459136533985215,12.048281382898864,3.7675518104625114,75.98198695223319,18.51051062655008,6.372813236341719,11.735975705637234,0.0,1026.1646204705673,0.0,0.0
2020-11-24,7.5867992766726955,3.0058016877637117,13.013336347197106,4.122004972875226,76.42563291139237,16.61002486437613,7.302987492465342,13.940777576853527,0.0,1025.0716734478603,0.0,0.0
2020-11-25,7.418989307335495,2.3402914275231312,12.79009257803285,4.477049591162826,78.7038141756427,15.342737734884766,5.831694544906572,10.716875343973577,0.0,1022.8041897620352,0.0,0.0
2020-11-26,6.774638336347198,1.9619499698613612,12.386980108499095,4.596236437613019,82.0895117540687,12.684165913200722,5.744443188667876,10.674954792043405,0.0,1023.0721255274264,0.0,0.0
2020-11-27,6.9500452079566015,2.4070223025919217,11.428458408679928,5.197389240506329,84.67099909584087,10.421733725135622,5.97522980711272,11.084651898734178,0.0,1021.138355183846,0.0,0.0
2020-11-28,8.351316657272795,4.535128539332933,11.588920479008713,6.066205486797703,84.97408155437145,9.650155439045536,7.920275132492595,15.013215205529884,0.0,1017.318504438605,0.0,0.0
2020-11-29,9.045307930171603,5.3825222023567525,12.411990295818207,6.128209182056754,82.55778506879868,12.753966666343269,8.482101927051904,16.209172041759146,0.0,1015.4513470362937,0.0,0.0
2020-11-30,7.374627034358037,3.270697709463533,10.381577757685355,4.248575949367086,78.55970840867992,15.2437273960217,8.1291742013261,13.982685352622056,0.0,1020.6015446051844,0.0,0.0
2020-12-01,6.400542495479205,3.4410036166365283,8.412296564195298,3.9593128390596735,81.71745027124773,13.4251808318264,7.524412296564195,15.04249547920434,0.0,1015.2710216998191,0.0,0.0
2020-12-02,5.403933092224232,3.4007685352622063,7.495931283905968,4.06125678119349,89.51243218806509,10.563517179023508,10.253842676311029,19.385849909584092,0.0,1009.8444846292947,0.0,0.0
2020-12-03,5.076433738052182,2.871189615086541,7.153610178248516,4.143050891242575,91.56041720485659,9.05728493929217,6.900639369671918,14.291106949108755,0.0,1006.2322397313354,0.0,0.0
2020-12-04,5.679249547920433,2.654159132007233,8.712929475587702,4.3275316455696204,89.86143761301989,10.071654611211573,12.206600361663654,23.03322784810127,0.0,1000.272151898734,0.0,0.0
2020-12-05,7.970882628988925,5.583847976989828,10.57140618981524,5.918823124761975,87.02293897769238,11.127630003912406,12.28763734326031,22.03307686953405,0.0,1001.7431070832339,0.0,0.0
2020-12-06,7.436288714372995,4.711717699452276,9.905601095075086,5.956296589657015,90.81892333180821,10.046579999981212,10.60750329184104,21.053538383803943,0.0,1000.0967119263823,0.0,0.0
2020-12-07,6.659185826229228,4.0961422543701085,9.380155859812259,4.502594075604916,86.38341729096692,13.843601997761088,9.280816757082583,19.364333075002172,0.0,1003.9097455437841,0.0,0.0
2020-12-08,7.275562728876975,5.185070744577863,9.142554902464877,5.402182291213377,88.65292261671759,12.775535368589935,11.061619087856755,19.31156864599134,0.0,1002.9600406921237,0.0,0.0
2020-12-09,7.3005930220189335,5.691030209552176,9.056443463461333,5.731996596106797,89.37284597383257,13.330403680459526,9.68318529943623,18.902656632273164,0.0,1001.38043825125,0.0,0.0
2020-12-10,6.961024758004467,4.14947279544729,9.732924024039995,4.6590987660887135,85.56095628124665,15.272221040314848,6.784722369960649,12.844360972236984,0.0,1004.8072465695135,0.0,0.0
2020-12-11,5.7837122190648405,2.925213123223973,8.267760268664428,4.397345647119609,89.0728493929217,12.694039008008266,5.985178248514594,11.919723585636785,0.0,1004.0450787910099,0.0,0.0
2020-12-12,6.2876665785220816,3.2869047938527416,9.097526973596832,4.574642604702863,88.14301349721849,11.927624851753945,6.352808807603173,12.074889358025727,0.0,1001.9273949188,0.0,0.0
2020-12-13,5.744753366056387,1.891875712024429,10.14469090821556,4.108158726917003,85.45102098099443,13.688358610159552,7.371033387423592,13.862302269104953,0.0,1008.2446495824603,0.0,0.0
2020-12-14,5.4532021669427255,1.1948298306664442,10.747350205905152,3.479025787530201,82.92346812142573,15.186663906068752,6.809487719138287,12.64915839753622,0.0,1016.41022168361,0.0,0.0
2020-12-15,6.447386549556532,2.2197106690777617,10.153437957461447,4.193371652458444,84.72918281236531,15.345787048996767,5.8380801687763695,11.06452897614744,0.0,1018.9141156462554,0.0,0.0
2020-12-16,7.389035994144495,4.489871264961686,10.947386549556509,5.503756565917495,88.1835335399982,12.693640747438225,5.769643933522773,11.149853612331038,0.0,1022.217062774474,0.0,0.0
2020-12-17,7.864562280608445,4.419933163138672,11.557573662376347,5.910794064461228,87.64243608835937,12.23448746587242,4.808938765379572,9.532328121121862,0.0,1024.832819203631,0.0,0.0
2020-12-18,7.327298007810718,4.2802728686411236,11.393371905724322,5.849957071436171,88.71618964041309,10.790868246032586,5.577344861995432,10.471039048530796,0.0,1026.3482867830676,0.0,0.0
2020-12-19,8.066291253363284,4.925865953690692,10.749228134498471,6.188479684413915,87.65190864618721,11.075157633566318,5.778057874433595,10.89447298549284,0.0,1023.2655309729913,0.0,0.0
2020-12-20,8.025173002265364,5.766834049789933,10.156421043307567,6.62421818867638,90.40456138449768,9.10445884772283,5.4567600831652,10.174594401147742,0.0,1022.4034669068584,0.0,0.0
2020-12-21,7.9794626711444065,5.821460862826142,10.85659390338414,6.58247222939809,91.76249677086021,9.10972616894859,5.168496512529061,9.336540945492118,0.0,1025.2132523895634,0.0,0.0
2020-12-22,8.03186727670699,5.286395368411814,10.950657527765738,6.6212440617887465,90.6673023134788,9.642316664656564,5.806562086285463,11.058425630124916,0.0,1021.5425306294857,0.0,0.0
2020-12-23,8.655106382475854,6.249637310758373,10.91877705405726,7.227817387321527,89.76406905815166,10.280259879917377,5.450328263642505,10.666724392667867,0.0,1021.7241252293553,0.0,0.0
2020-12-24,10.066477223800911,7.986254628433657,11.796618014294305,8.355022388702302,89.99818091793671,9.435729355033164,7.561913372944112,14.670197192801199,0.0,1014.8915654869513,0.0,0.0
2020-12-25,8.24874787525253,5.545358117644888,10.627541770079267,5.702567882984472,82.89370071111433,14.02730393512496,11.713067669490925,24.10179882722202,0.0,1009.8804754317842,0.0,0.0
2020-12-26,5.337520093000309,2.2441813178110452,9.148669208396393,3.4545420903889688,80.59039711119341,17.517969821732887,9.220038812378359,17.897926138905948,0.0,1006.336195694576,0.0,0.0
2020-12-27,3.3666792250075543,0.19196612793761292,6.335378069155872,2.1622726509676258,80.37498119799271,16.946089170738308,8.373067745470589,16.888884547585853,0.0,1001.1836188410499,0.0,0.0
2020-12-28,4.014918625678121,1.0750452079566004,6.69235985533454,3.125,87.74864376130198,11.109177215189874,13.81622965641953,27.218354430379748,0.0,992.389918625678,0.0,0.0
2020-12-29,4.9218440540773285,1.4944243520192917,8.174233617497611,3.4277749074313237,85.67659088952027,12.65576293808664,9.622136829415314,18.75266942219928,0.0,999.32814518212,0.0,0.0
2020-12-30,5.007943683802634,2.0847972100232504,8.026349780418498,3.5397507104107464,88.36850942908806,11.634364505295787,7.926859984500128,15.825012916559027,0.0,1004.4370317747353,0.0,0.0
2020-12-31,3.6141424924400143,-0.33478138090679305,7.465026516935889,2.430201194401811,83.18499615035884,15.578616889793887,7.799541968686207,14.594908849615786,0.0,1009.4821023346046,0.0,0.0
